calisma,deney_id,kombinasyon_id,tarih,faz,N,P2,P3,P4,P5,P6,tekrar,gorev_tamamlama_suresi,iletisim_yuku,tick_maliyeti,carpisma_sayisi,atama_kararliligi,churn_orani,kapsama_dengesizligi,karsilasma_sikligi,notlar
homojen,P2c_P3c_P4b_P5abc_P6c_N3,P2c_P3c_P4b_P5abc_P6c,2026-08-20,faz1,3,c,c,b,abc,c,10,468.73,142.8,4687.3,0.2,0.7333,0.0,0.0,2.4,"Faz 1 OFAT taramasi, tam BT modeli"
homojen,P2c_P3c_P4b_P5abc_P6c_N5,P2c_P3c_P4b_P5abc_P6c,2026-08-20,faz1,5,c,c,b,abc,c,10,295.76,325.9,2957.6,0.5,0.54,0.0311,0.0,7.3,"Faz 1 OFAT taramasi, tam BT modeli"
homojen,P2a_P3c_P4b_P5abc_P6c_N3,P2a_P3c_P4b_P5abc_P6c,2026-08-20,faz1,3,a,c,b,abc,c,10,464.87,223.2,4648.7,0.2,0.9,0.4417,0.0,2.4,"Faz 1 OFAT taramasi, tam BT modeli"
homojen,P2a_P3c_P4b_P5abc_P6c_N5,P2a_P3c_P4b_P5abc_P6c,2026-08-20,faz1,5,a,c,b,abc,c,10,308.5,328.4,3085.0,0.6,0.54,0.1558,0.0,7.7,"Faz 1 OFAT taramasi, tam BT modeli"
homojen,P2b_P3c_P4b_P5abc_P6c_N3,P2b_P3c_P4b_P5abc_P6c,2026-08-20,faz1,3,b,c,b,abc,c,10,458.34,181.5,4583.4,0.2,0.8,0.15,0.0,2.2,"Faz 1 OFAT taramasi, tam BT modeli"
homojen,P2b_P3c_P4b_P5abc_P6c_N5,P2b_P3c_P4b_P5abc_P6c,2026-08-20,faz1,5,b,c,b,abc,c,10,290.52,408.5,2905.2,0.5,0.64,0.1292,0.0,7.3,"Faz 1 OFAT taramasi, tam BT modeli"
homojen,P2c_P3a_P4b_P5abc_P6c_N3,P2c_P3a_P4b_P5abc_P6c,2026-08-20,faz1,3,c,a,b,abc,c,10,477.32,229.3,4773.2,0.1,0.6667,0.0,0.0,4.3,"Faz 1 OFAT taramasi, tam BT modeli"
homojen,P2c_P3a_P4b_P5abc_P6c_N5,P2c_P3a_P4b_P5abc_P6c,2026-08-20,faz1,5,c,a,b,abc,c,10,319.72,480.1,3197.2,0.4,0.5,0.0111,0.0,9.9,"Faz 1 OFAT taramasi, tam BT modeli"
homojen,P2c_P3b_P4b_P5abc_P6c_N3,P2c_P3b_P4b_P5abc_P6c,2026-08-20,faz1,3,c,b,b,abc,c,10,451.28,139.6,4512.8,0.1,0.7333,0.0,0.0,2.2,"Faz 1 OFAT taramasi, tam BT modeli"
homojen,P2c_P3b_P4b_P5abc_P6c_N5,P2c_P3b_P4b_P5abc_P6c,2026-08-20,faz1,5,c,b,b,abc,c,10,302.24,424.3,3022.4,0.7,0.56,0.0458,0.0,7.0,"Faz 1 OFAT taramasi, tam BT modeli"
homojen,P2c_P3c_P4b_P5a_P6c_N3,P2c_P3c_P4b_P5a_P6c,2026-08-20,faz1,3,c,c,b,a,c,10,2495.77,80.6,24957.7,0.2,0.4667,0.0,0.0,2.1,"Faz 1 OFAT taramasi, tam BT modeli"
homojen,P2c_P3c_P4b_P5a_P6c_N5,P2c_P3c_P4b_P5a_P6c,2026-08-20,faz1,5,c,c,b,a,c,10,1657.34,253.8,16573.4,0.3,0.44,0.0311,0.0,6.7,"Faz 1 OFAT taramasi, tam BT modeli"
homojen,P2c_P3c_P4b_P5b_P6c_N3,P2c_P3c_P4b_P5b_P6c,2026-08-20,faz1,3,c,c,b,b,c,10,3000.0,7.2,30000.0,0.2,0.3333,0.0,0.0,1.8,"Faz 1 OFAT taramasi, tam BT modeli"
homojen,P2c_P3c_P4b_P5b_P6c_N5,P2c_P3c_P4b_P5b_P6c,2026-08-20,faz1,5,c,c,b,b,c,10,3000.0,23.6,30000.0,0.2,0.2,0.0,0.0,6.0,"Faz 1 OFAT taramasi, tam BT modeli"
homojen,P2c_P3c_P4b_P5c_P6c_N3,P2c_P3c_P4b_P5c_P6c,2026-08-20,faz1,3,c,c,b,c,c,10,467.34,8.6,4673.4,0.3,0.6667,0.0,0.0,2.2,"Faz 1 OFAT taramasi, tam BT modeli"
homojen,P2c_P3c_P4b_P5c_P6c_N5,P2c_P3c_P4b_P5c_P6c,2026-08-20,faz1,5,c,c,b,c,c,10,271.36,26.4,2713.6,0.4,0.4,0.0,0.0,6.8,"Faz 1 OFAT taramasi, tam BT modeli"
homojen,P2c_P3c_P4b_P5ab_P6c_N3,P2c_P3c_P4b_P5ab_P6c,2026-08-20,faz1,3,c,c,b,ab,c,10,2495.77,80.6,24957.7,0.2,0.4667,0.0,0.0,2.1,"Faz 1 OFAT taramasi, tam BT modeli"
homojen,P2c_P3c_P4b_P5ab_P6c_N5,P2c_P3c_P4b_P5ab_P6c,2026-08-20,faz1,5,c,c,b,ab,c,10,1657.34,253.8,16573.4,0.3,0.44,0.0311,0.0,6.7,"Faz 1 OFAT taramasi, tam BT modeli"
homojen,P2c_P3c_P4b_P5ac_P6c_N3,P2c_P3c_P4b_P5ac_P6c,2026-08-20,faz1,3,c,c,b,ac,c,10,468.73,142.8,4687.3,0.2,0.7333,0.0,0.0,2.4,"Faz 1 OFAT taramasi, tam BT modeli"
homojen,P2c_P3c_P4b_P5ac_P6c_N5,P2c_P3c_P4b_P5ac_P6c,2026-08-20,faz1,5,c,c,b,ac,c,10,295.76,325.9,2957.6,0.5,0.54,0.0311,0.0,7.3,"Faz 1 OFAT taramasi, tam BT modeli"
homojen,P2c_P3c_P4b_P5bc_P6c_N3,P2c_P3c_P4b_P5bc_P6c,2026-08-20,faz1,3,c,c,b,bc,c,10,467.34,8.6,4673.4,0.3,0.6667,0.0,0.0,2.2,"Faz 1 OFAT taramasi, tam BT modeli"
homojen,P2c_P3c_P4b_P5bc_P6c_N5,P2c_P3c_P4b_P5bc_P6c,2026-08-20,faz1,5,c,c,b,bc,c,10,271.36,26.4,2713.6,0.4,0.4,0.0,0.0,6.8,"Faz 1 OFAT taramasi, tam BT modeli"
homojen,P2c_P3c_P4b_P5abcd_P6c_N3,P2c_P3c_P4b_P5abcd_P6c,2026-08-20,faz1,3,c,c,b,abcd,c,10,468.73,143.2,4687.3,0.2,0.7333,0.0,0.0,2.4,"Faz 1 OFAT taramasi, tam BT modeli"
homojen,P2c_P3c_P4b_P5abcd_P6c_N5,P2c_P3c_P4b_P5abcd_P6c,2026-08-20,faz1,5,c,c,b,abcd,c,10,295.76,327.6,2957.6,0.5,0.54,0.0311,0.0,7.3,"Faz 1 OFAT taramasi, tam BT modeli"
homojen,P2c_P3c_P4b_P5abc_P6a_N3,P2c_P3c_P4b_P5abc_P6a,2026-08-20,faz1,3,c,c,b,abc,a,10,468.22,141.1,4682.2,0.2,0.7333,0.0,0.0,2.1,"Faz 1 OFAT taramasi, tam BT modeli"
homojen,P2c_P3c_P4b_P5abc_P6a_N5,P2c_P3c_P4b_P5abc_P6a,2026-08-20,faz1,5,c,c,b,abc,a,10,294.57,349.1,2945.7,0.5,0.48,0.0111,0.0,6.9,"Faz 1 OFAT taramasi, tam BT modeli"
homojen,P2c_P3c_P4b_P5abc_P6b_N3,P2c_P3c_P4b_P5abc_P6b,2026-08-20,faz1,3,c,c,b,abc,b,10,466.15,818.0,4661.5,0.2,0.8,0.0333,0.0,2.4,"Faz 1 OFAT taramasi, tam BT modeli"
homojen,P2c_P3c_P4b_P5abc_P6b_N5,P2c_P3c_P4b_P5abc_P6b,2026-08-20,faz1,5,c,c,b,abc,b,10,284.41,1830.3,2844.1,0.5,0.56,0.0311,0.0,7.2,"Faz 1 OFAT taramasi, tam BT modeli"
homojen,P2c_P3c_P4a_P5abc_P6c_N3,P2c_P3c_P4a_P5abc_P6c,2026-08-20,faz1,3,c,c,a,abc,c,10,460.98,13999.6,4609.8,0.2,0.7333,0.0,0.0,2.3,"Faz 1 OFAT taramasi, tam BT modeli"
homojen,P2c_P3c_P4a_P5abc_P6c_N5,P2c_P3c_P4a_P5abc_P6c,2026-08-20,faz1,5,c,c,a,abc,c,10,290.38,14917.0,2903.8,0.7,0.64,0.05,0.0,7.5,"Faz 1 OFAT taramasi, tam BT modeli"
homojen,P2c_P3c_P4c_P5abc_P6c_N3,P2c_P3c_P4c_P5abc_P6c,2026-08-20,faz1,3,c,c,c,abc,c,10,461.0,170.2,4610.0,0.2,0.7333,0.0,0.0,2.3,"Faz 1 OFAT taramasi, tam BT modeli"
homojen,P2c_P3c_P4c_P5abc_P6c_N5,P2c_P3c_P4c_P5abc_P6c,2026-08-20,faz1,5,c,c,c,abc,c,10,290.39,398.0,2903.9,0.6,0.64,0.05,0.0,7.5,"Faz 1 OFAT taramasi, tam BT modeli"
homojen,P2a_P3c_P4b_P5abc_P6c_N3,P2a_P3c_P4b_P5abc_P6c,2026-08-20,faz2_gazebo,3,a,c,b,abc,c,5,36.94,,369.4,0.2,0.13340000000000002,0.1,,0.8,"Faz 2 kampanyasi, kucultulmus senaryo (120 m)"
homojen,P2a_P3c_P4b_P5abc_P6c_N5,P2a_P3c_P4b_P5abc_P6c,2026-08-20,faz2_gazebo,5,a,c,b,abc,c,5,30.125,,301.25,1.25,0.0,0.0,,3.25,"Faz 2 kampanyasi, kucultulmus senaryo (120 m)"
homojen,P2a_P3c_P4b_P5abc_P6c_N3,P2a_P3c_P4b_P5abc_P6c,2026-08-20,faz2_kod,3,a,c,b,abc,c,5,35.480000000000004,,354.8,0.0,0.134,0.1,,0.8,"Faz 2 kampanyasi, kucultulmus senaryo (120 m)"
homojen,P2a_P3c_P4b_P5abc_P6c_N5,P2a_P3c_P4b_P5abc_P6c,2026-08-20,faz2_kod,5,a,c,b,abc,c,5,28.8,,288.0,0.0,0.0,0.0,,3.6,"Faz 2 kampanyasi, kucultulmus senaryo (120 m)"
homojen,P2c_P3b_P4b_P5abc_P6c_N3,P2c_P3b_P4b_P5abc_P6c,2026-08-20,faz2_gazebo,3,c,b,b,abc,c,5,33.480000000000004,,334.8,0.0,0.0,0.0,,0.4,"Faz 2 kampanyasi, kucultulmus senaryo (120 m)"
homojen,P2c_P3b_P4b_P5abc_P6c_N5,P2c_P3b_P4b_P5abc_P6c,2026-08-20,faz2_gazebo,5,c,b,b,abc,c,5,30.520000000000003,,305.2,0.8,0.0,0.0,,3.2,"Faz 2 kampanyasi, kucultulmus senaryo (120 m)"
homojen,P2c_P3b_P4b_P5abc_P6c_N3,P2c_P3b_P4b_P5abc_P6c,2026-08-20,faz2_kod,3,c,b,b,abc,c,5,33.14,,331.4,0.0,0.0,0.0,,0.4,"Faz 2 kampanyasi, kucultulmus senaryo (120 m)"
homojen,P2c_P3b_P4b_P5abc_P6c_N5,P2c_P3b_P4b_P5abc_P6c,2026-08-20,faz2_kod,5,c,b,b,abc,c,5,29.580000000000002,,295.8,0.0,0.0,0.0,,3.2,"Faz 2 kampanyasi, kucultulmus senaryo (120 m)"
homojen,P2c_P3c_P4b_P5abc_P6a_N3,P2c_P3c_P4b_P5abc_P6a,2026-08-20,faz2_gazebo,3,c,c,b,abc,a,5,37.839999999999996,,378.4,0.2,0.0,0.0,,0.2,"Faz 2 kampanyasi, kucultulmus senaryo (120 m)"
homojen,P2c_P3c_P4b_P5abc_P6a_N5,P2c_P3c_P4b_P5abc_P6a,2026-08-20,faz2_gazebo,5,c,c,b,abc,a,5,30.860000000000003,,308.6,1.2,0.08,0.04,,2.6,"Faz 2 kampanyasi, kucultulmus senaryo (120 m)"
homojen,P2c_P3c_P4b_P5abc_P6a_N3,P2c_P3c_P4b_P5abc_P6a,2026-08-20,faz2_kod,3,c,c,b,abc,a,5,36.5,,365.0,0.0,0.0,0.0,,0.2,"Faz 2 kampanyasi, kucultulmus senaryo (120 m)"
homojen,P2c_P3c_P4b_P5abc_P6a_N5,P2c_P3c_P4b_P5abc_P6a,2026-08-20,faz2_kod,5,c,c,b,abc,a,5,28.8,,288.0,0.0,0.0,0.0,,2.4,"Faz 2 kampanyasi, kucultulmus senaryo (120 m)"
homojen,P2c_P3c_P4b_P5abc_P6c_N3,P2c_P3c_P4b_P5abc_P6c,2026-08-20,faz2_gazebo,3,c,c,b,abc,c,5,37.08,,370.8,0.2,0.13340000000000002,0.1,,0.8,"Faz 2 kampanyasi, kucultulmus senaryo (120 m)"
homojen,P2c_P3c_P4b_P5abc_P6c_N5,P2c_P3c_P4b_P5abc_P6c,2026-08-20,faz2_gazebo,5,c,c,b,abc,c,5,30.580000000000002,,305.8,1.0,0.08,0.0666,,3.6,"Faz 2 kampanyasi, kucultulmus senaryo (120 m)"
homojen,P2c_P3c_P4b_P5abc_P6c_N3,P2c_P3c_P4b_P5abc_P6c,2026-08-20,faz2_kod,3,c,c,b,abc,c,5,35.480000000000004,,354.8,0.0,0.134,0.1,,0.8,"Faz 2 kampanyasi, kucultulmus senaryo (120 m)"
homojen,P2c_P3c_P4b_P5abc_P6c_N5,P2c_P3c_P4b_P5abc_P6c,2026-08-20,faz2_kod,5,c,c,b,abc,c,5,28.8,,288.0,0.0,0.08,0.066,,3.6,"Faz 2 kampanyasi, kucultulmus senaryo (120 m)"
homojen,P2c_P3c_P4c_P5abc_P6c_N3,P2c_P3c_P4c_P5abc_P6c,2026-08-20,faz2_gazebo,3,c,c,c,abc,c,5,37.8,,378.0,0.2,0.0,0.0,,1.0,"Faz 2 kampanyasi, kucultulmus senaryo (120 m)"
homojen,P2c_P3c_P4c_P5abc_P6c_N5,P2c_P3c_P4c_P5abc_P6c,2026-08-20,faz2_gazebo,5,c,c,c,abc,c,5,34.4,,344.0,1.6,0.5599999999999999,0.74,,4.4,"Faz 2 kampanyasi, kucultulmus senaryo (120 m)"
homojen,P2c_P3c_P4c_P5abc_P6c_N3,P2c_P3c_P4c_P5abc_P6c,2026-08-20,faz2_kod,3,c,c,c,abc,c,5,38.68,,386.8,0.0,0.266,0.12,,1.4,"Faz 2 kampanyasi, kucultulmus senaryo (120 m)"
homojen,P2c_P3c_P4c_P5abc_P6c_N5,P2c_P3c_P4c_P5abc_P6c,2026-08-20,faz2_kod,5,c,c,c,abc,c,5,29.52,,295.2,0.0,0.32,0.884,,3.8,"Faz 2 kampanyasi, kucultulmus senaryo (120 m)"
